-- phpMyAdmin SQL Dump
-- version 5.1.1
-- https://www.phpmyadmin.net/
--
-- Gép: 127.0.0.1
-- Létrehozás ideje: 2024. Okt 28. 03:20
-- Kiszolgáló verziója: 10.4.21-MariaDB
-- PHP verzió: 7.3.31

SET SQL_MODE = "NO_AUTO_VALUE_ON_ZERO";
START TRANSACTION;
SET time_zone = "+00:00";


/*!40101 SET @OLD_CHARACTER_SET_CLIENT=@@CHARACTER_SET_CLIENT */;
/*!40101 SET @OLD_CHARACTER_SET_RESULTS=@@CHARACTER_SET_RESULTS */;
/*!40101 SET @OLD_COLLATION_CONNECTION=@@COLLATION_CONNECTION */;
/*!40101 SET NAMES utf8mb4 */;

--
-- Adatbázis: `feladat`
--

-- --------------------------------------------------------

--
-- Tábla szerkezet ehhez a táblához `jelentkezes`
--

CREATE TABLE `jelentkezes` (
  `id` int(11) NOT NULL,
  `jelentkezoid` int(11) NOT NULL,
  `kepzesid` int(11) NOT NULL,
  `sorrend` int(11) NOT NULL,
  `szerzett` int(11) NOT NULL
) ENGINE=InnoDB DEFAULT CHARSET=utf8mb4;

--
-- A tábla adatainak kiíratása `jelentkezes`
--

INSERT INTO `jelentkezes` (`id`, `jelentkezoid`, `kepzesid`, `sorrend`, `szerzett`) VALUES
(380, 212, 2, 1, 152),
(381, 353, 5, 2, 123),
(382, 278, 3, 1, 154),
(383, 191, 4, 1, 187),
(384, 102, 6, 1, 197),
(385, 169, 4, 2, 145),
(386, 67, 5, 3, 161),
(387, 136, 6, 1, 192),
(388, 126, 1, 1, 150),
(389, 209, 6, 3, 107),
(390, 233, 1, 2, 175),
(391, 351, 3, 1, 132),
(392, 366, 6, 2, 178),
(393, 305, 2, 2, 162),
(394, 193, 4, 1, 112),
(395, 150, 3, 2, 132),
(396, 237, 4, 2, 176),
(397, 173, 3, 2, 146),
(398, 138, 3, 1, 184),
(399, 61, 3, 1, 113),
(400, 279, 1, 3, 188),
(401, 342, 1, 1, 151),
(402, 244, 3, 3, 136),
(403, 120, 6, 2, 117),
(404, 39, 2, 1, 122),
(405, 31, 1, 2, 152),
(406, 64, 4, 2, 177),
(407, 258, 6, 2, 112),
(408, 243, 4, 1, 166),
(409, 260, 2, 1, 140),
(410, 346, 1, 1, 152),
(411, 57, 3, 3, 135),
(412, 352, 3, 3, 111),
(413, 106, 2, 1, 125),
(414, 333, 4, 3, 116),
(415, 230, 5, 1, 132),
(416, 335, 6, 1, 123),
(417, 176, 3, 1, 184),
(418, 379, 5, 2, 151),
(419, 53, 1, 1, 182),
(420, 27, 5, 2, 153),
(421, 157, 3, 3, 171),
(422, 254, 2, 1, 174),
(423, 174, 4, 1, 146),
(424, 316, 6, 2, 113),
(425, 264, 3, 1, 186),
(426, 99, 4, 2, 116),
(427, 69, 1, 2, 187),
(428, 5, 2, 1, 154),
(429, 335, 3, 3, 176),
(430, 104, 6, 1, 108),
(431, 292, 2, 2, 174),
(432, 345, 4, 1, 136),
(433, 190, 3, 4, 115),
(434, 36, 5, 1, 108),
(435, 260, 3, 2, 139),
(436, 241, 2, 2, 129),
(437, 1, 2, 1, 139),
(438, 282, 1, 1, 118),
(439, 232, 4, 2, 128),
(440, 67, 3, 1, 190),
(441, 346, 6, 3, 153),
(442, 37, 3, 2, 144),
(443, 30, 5, 4, 197),
(444, 35, 5, 2, 195),
(445, 357, 5, 3, 174),
(446, 371, 4, 1, 122),
(447, 356, 4, 3, 135),
(448, 327, 2, 4, 192),
(449, 267, 6, 2, 155),
(450, 75, 3, 1, 159),
(451, 196, 2, 2, 154),
(452, 282, 2, 2, 195),
(453, 287, 3, 2, 161),
(454, 229, 1, 1, 123),
(455, 22, 5, 1, 133),
(456, 365, 1, 1, 113),
(457, 124, 1, 3, 111),
(458, 179, 5, 3, 165),
(459, 106, 3, 3, 179),
(460, 306, 2, 1, 119),
(461, 19, 2, 1, 162),
(462, 305, 5, 4, 126),
(463, 146, 5, 1, 187),
(464, 243, 6, 2, 178),
(465, 354, 3, 1, 118),
(466, 172, 3, 3, 127),
(467, 112, 3, 1, 189),
(468, 231, 4, 1, 187),
(469, 81, 3, 1, 186),
(470, 284, 6, 1, 147),
(471, 69, 2, 1, 115),
(472, 23, 1, 4, 181),
(473, 50, 2, 4, 125),
(474, 196, 3, 3, 123),
(475, 259, 3, 1, 137),
(476, 321, 5, 1, 143),
(477, 63, 6, 3, 121),
(478, 172, 4, 1, 147),
(479, 148, 3, 2, 123),
(480, 214, 6, 1, 155),
(481, 283, 1, 2, 185),
(482, 70, 4, 2, 168),
(483, 299, 6, 2, 190),
(484, 124, 5, 1, 140),
(485, 219, 5, 3, 145),
(486, 55, 6, 2, 163),
(487, 111, 6, 2, 140),
(488, 257, 1, 2, 151),
(489, 232, 3, 1, 115),
(490, 85, 1, 1, 179),
(491, 269, 3, 1, 193),
(492, 114, 4, 3, 178),
(493, 351, 2, 3, 174),
(494, 172, 2, 2, 188),
(495, 16, 1, 2, 107),
(496, 194, 4, 3, 128),
(497, 35, 6, 1, 128),
(498, 281, 4, 2, 149),
(499, 325, 5, 3, 185),
(500, 248, 5, 1, 166),
(501, 111, 1, 3, 158),
(502, 190, 1, 3, 159),
(503, 223, 5, 1, 137),
(504, 209, 4, 1, 149),
(505, 377, 4, 2, 186),
(506, 86, 2, 2, 187),
(507, 134, 6, 2, 153),
(508, 240, 1, 3, 130),
(509, 16, 6, 3, 167),
(510, 333, 5, 2, 119),
(511, 317, 2, 2, 117),
(512, 312, 6, 1, 172),
(513, 79, 3, 1, 153),
(514, 255, 3, 3, 165),
(515, 261, 3, 1, 125),
(516, 66, 4, 1, 170),
(517, 285, 6, 2, 152),
(518, 76, 3, 4, 169),
(519, 18, 2, 2, 185),
(520, 33, 4, 1, 150),
(521, 331, 3, 2, 157),
(522, 72, 3, 2, 146),
(523, 302, 5, 1, 123),
(524, 89, 3, 1, 111),
(525, 25, 6, 1, 141),
(526, 147, 3, 1, 133),
(527, 190, 2, 1, 184),
(528, 170, 3, 3, 188),
(529, 338, 4, 2, 149),
(530, 292, 1, 1, 121),
(531, 129, 2, 2, 145),
(532, 234, 1, 1, 191),
(533, 41, 2, 3, 108),
(534, 37, 2, 1, 184),
(535, 333, 1, 4, 115),
(536, 239, 5, 2, 162),
(537, 28, 6, 1, 163),
(538, 159, 6, 1, 118),
(539, 24, 3, 1, 155),
(540, 266, 5, 2, 130),
(541, 323, 4, 2, 151),
(542, 133, 5, 1, 123),
(543, 197, 4, 2, 172),
(544, 149, 6, 2, 197),
(545, 130, 5, 1, 188),
(546, 280, 2, 1, 121),
(547, 100, 2, 1, 112),
(548, 102, 2, 2, 139),
(549, 258, 2, 3, 188),
(550, 293, 1, 4, 166),
(551, 100, 3, 2, 152),
(552, 22, 2, 3, 111),
(553, 338, 2, 1, 134),
(554, 1, 3, 3, 154),
(555, 136, 4, 2, 194),
(556, 364, 1, 1, 109),
(557, 271, 4, 1, 143),
(558, 127, 1, 2, 137),
(559, 288, 5, 2, 185),
(560, 374, 2, 2, 173),
(561, 160, 3, 1, 109),
(562, 241, 5, 1, 179),
(563, 27, 6, 1, 107),
(564, 244, 2, 1, 128),
(565, 70, 6, 4, 118),
(566, 107, 4, 1, 115),
(567, 202, 5, 4, 195),
(568, 167, 6, 1, 179),
(569, 98, 3, 2, 131),
(570, 96, 3, 1, 182),
(571, 307, 6, 1, 174),
(572, 115, 1, 3, 147),
(573, 134, 4, 1, 150),
(574, 276, 6, 2, 112),
(575, 153, 2, 1, 111),
(576, 184, 2, 3, 130),
(577, 359, 4, 2, 131),
(578, 300, 2, 2, 166),
(579, 255, 1, 2, 186),
(580, 208, 5, 1, 172),
(581, 113, 2, 1, 119),
(582, 91, 6, 2, 140),
(583, 117, 1, 2, 140),
(584, 178, 3, 3, 166),
(585, 76, 1, 3, 156),
(586, 301, 2, 4, 198),
(587, 9, 3, 2, 192),
(588, 342, 4, 2, 153),
(589, 164, 2, 2, 113),
(590, 330, 1, 3, 197),
(591, 154, 3, 1, 108),
(592, 186, 4, 1, 130),
(593, 315, 5, 1, 112),
(594, 101, 4, 2, 187),
(595, 112, 2, 3, 165),
(596, 105, 6, 2, 162),
(597, 74, 2, 1, 179),
(598, 314, 2, 3, 152),
(599, 372, 2, 3, 125),
(600, 38, 6, 3, 163),
(601, 27, 2, 3, 181),
(602, 52, 2, 1, 189),
(603, 139, 3, 3, 167),
(604, 348, 5, 1, 193),
(605, 365, 6, 2, 144),
(606, 383, 6, 1, 133),
(607, 119, 4, 1, 138),
(608, 235, 4, 1, 154),
(609, 163, 3, 2, 169),
(610, 188, 5, 1, 195),
(611, 156, 6, 2, 167),
(612, 20, 4, 2, 140),
(613, 110, 1, 2, 197),
(614, 315, 6, 2, 167),
(615, 161, 4, 1, 175),
(616, 279, 2, 2, 155),
(617, 368, 4, 3, 176),
(618, 21, 1, 1, 131),
(619, 277, 3, 1, 173),
(620, 321, 2, 2, 140),
(621, 197, 6, 3, 176),
(622, 111, 2, 1, 194),
(623, 372, 1, 1, 109),
(624, 219, 1, 2, 116),
(625, 274, 2, 1, 164),
(626, 296, 6, 1, 178),
(627, 37, 4, 4, 163),
(628, 219, 2, 1, 146),
(629, 164, 3, 1, 186),
(630, 267, 1, 3, 107),
(631, 171, 4, 1, 122),
(632, 162, 1, 1, 139),
(633, 50, 3, 1, 189),
(634, 96, 1, 3, 121),
(635, 37, 6, 3, 167),
(636, 75, 5, 2, 125),
(637, 241, 1, 3, 134),
(638, 45, 3, 1, 155),
(639, 168, 3, 4, 108),
(640, 216, 3, 1, 165),
(641, 66, 1, 3, 130),
(642, 151, 1, 1, 168),
(643, 77, 2, 2, 127),
(644, 153, 3, 4, 185),
(645, 369, 6, 4, 145),
(646, 317, 3, 1, 175),
(647, 22, 1, 2, 140),
(648, 206, 4, 1, 111),
(649, 40, 2, 1, 183),
(650, 247, 1, 3, 124),
(651, 88, 3, 3, 154),
(652, 8, 4, 2, 198),
(653, 11, 1, 1, 181),
(654, 45, 2, 5, 118),
(655, 157, 4, 1, 192),
(656, 360, 3, 1, 118),
(657, 260, 4, 4, 113),
(658, 339, 1, 2, 187),
(659, 138, 1, 3, 151),
(660, 129, 4, 1, 119),
(661, 157, 1, 5, 175),
(662, 85, 4, 2, 146),
(663, 157, 5, 4, 127),
(664, 245, 5, 1, 160),
(665, 93, 6, 1, 188),
(666, 71, 3, 1, 174),
(667, 238, 2, 1, 127),
(668, 46, 1, 1, 198),
(669, 373, 6, 2, 108),
(670, 95, 1, 3, 193),
(671, 124, 4, 2, 151),
(672, 1, 6, 2, 159),
(673, 45, 6, 2, 125),
(674, 368, 6, 4, 109),
(675, 128, 3, 1, 130),
(676, 74, 1, 3, 193),
(677, 211, 3, 2, 115),
(678, 355, 2, 1, 119),
(679, 28, 5, 3, 172),
(680, 314, 1, 4, 155),
(681, 245, 1, 2, 190),
(682, 3, 2, 3, 167),
(683, 74, 5, 2, 144),
(684, 228, 5, 2, 118),
(685, 147, 5, 2, 162),
(686, 105, 1, 1, 147),
(687, 257, 6, 1, 174),
(688, 341, 5, 2, 118),
(689, 339, 3, 1, 155),
(690, 337, 3, 2, 116),
(691, 350, 1, 3, 111),
(692, 288, 6, 1, 172),
(693, 375, 2, 1, 117),
(694, 150, 5, 1, 141),
(695, 182, 3, 4, 108),
(696, 51, 4, 2, 137),
(697, 137, 6, 1, 143),
(698, 119, 5, 3, 121),
(699, 383, 2, 2, 123),
(700, 179, 3, 1, 168),
(701, 303, 6, 2, 141),
(702, 374, 6, 1, 151),
(703, 363, 6, 1, 179),
(704, 58, 2, 1, 117),
(705, 334, 1, 1, 192),
(706, 183, 1, 1, 181),
(707, 233, 5, 1, 171),
(708, 157, 2, 2, 142),
(709, 195, 2, 4, 131),
(710, 272, 6, 2, 142),
(711, 284, 2, 3, 137),
(712, 376, 6, 2, 154),
(713, 14, 1, 1, 165),
(714, 355, 5, 3, 169),
(715, 10, 1, 2, 165),
(716, 257, 2, 3, 153),
(717, 382, 2, 1, 151),
(718, 213, 3, 2, 138),
(719, 30, 6, 1, 125),
(720, 328, 4, 1, 169),
(721, 3, 4, 4, 157),
(722, 138, 4, 2, 194),
(723, 60, 5, 2, 136),
(724, 103, 1, 4, 166),
(725, 26, 4, 4, 148),
(726, 354, 1, 3, 178),
(727, 38, 3, 2, 153),
(728, 167, 5, 2, 174),
(729, 91, 3, 1, 196),
(730, 78, 2, 2, 107),
(731, 362, 2, 1, 149),
(732, 112, 1, 2, 178),
(733, 236, 1, 2, 132),
(734, 62, 3, 1, 198),
(735, 53, 5, 2, 141),
(736, 290, 5, 1, 126),
(737, 324, 2, 1, 197),
(738, 224, 6, 2, 169),
(739, 369, 2, 1, 139),
(740, 122, 2, 2, 185),
(741, 337, 5, 1, 163),
(742, 6, 5, 2, 164),
(743, 108, 5, 1, 112),
(744, 234, 3, 2, 186),
(745, 240, 3, 1, 185),
(746, 298, 5, 1, 154),
(747, 270, 3, 1, 127),
(748, 208, 1, 3, 137),
(749, 49, 4, 1, 147),
(750, 77, 1, 1, 181),
(751, 153, 4, 3, 182),
(752, 213, 4, 3, 146),
(753, 323, 2, 1, 145),
(754, 304, 1, 1, 127),
(755, 253, 1, 2, 149),
(756, 277, 4, 2, 137),
(757, 379, 1, 1, 126),
(758, 239, 6, 1, 161),
(759, 314, 4, 1, 120),
(760, 131, 2, 1, 136),
(761, 199, 1, 1, 165),
(762, 184, 3, 2, 129),
(763, 189, 3, 3, 193),
(764, 376, 1, 1, 190),
(765, 89, 1, 3, 158),
(766, 65, 6, 2, 188),
(767, 260, 1, 3, 157),
(768, 309, 6, 1, 143),
(769, 17, 4, 1, 167),
(770, 220, 6, 2, 116),
(771, 165, 6, 1, 171),
(772, 222, 3, 3, 123),
(773, 125, 6, 1, 166),
(774, 197, 5, 1, 173),
(775, 327, 1, 2, 139),
(776, 175, 6, 1, 111),
(777, 351, 6, 2, 144),
(778, 13, 1, 2, 169),
(779, 168, 5, 2, 192),
(780, 293, 2, 1, 185),
(781, 107, 1, 2, 144),
(782, 54, 5, 1, 165),
(783, 64, 5, 1, 159),
(784, 144, 4, 2, 180),
(785, 155, 2, 1, 179),
(786, 285, 5, 1, 178),
(787, 86, 1, 3, 177),
(788, 353, 1, 1, 107),
(789, 23, 2, 3, 189),
(790, 323, 5, 3, 126),
(791, 72, 4, 1, 179),
(792, 287, 5, 3, 193),
(793, 155, 4, 2, 185),
(794, 98, 4, 3, 159),
(795, 370, 4, 1, 198),
(796, 71, 5, 2, 180),
(797, 367, 6, 1, 186),
(798, 99, 5, 1, 172),
(799, 291, 4, 1, 136),
(800, 195, 4, 1, 185),
(801, 202, 3, 2, 168),
(802, 110, 5, 1, 198),
(803, 357, 4, 4, 119),
(804, 377, 5, 1, 195),
(805, 369, 4, 2, 145),
(806, 255, 6, 1, 127),
(807, 350, 6, 2, 197),
(808, 135, 3, 1, 194),
(809, 8, 2, 3, 166),
(810, 83, 4, 2, 147),
(811, 103, 5, 2, 155),
(812, 73, 5, 2, 166),
(813, 116, 3, 2, 191),
(814, 301, 1, 3, 166),
(815, 325, 4, 1, 174),
(816, 236, 5, 1, 126),
(817, 35, 2, 3, 191),
(818, 8, 6, 1, 195),
(819, 275, 5, 1, 120),
(820, 148, 2, 3, 115),
(821, 57, 2, 2, 154),
(822, 349, 3, 1, 196),
(823, 142, 3, 1, 166),
(824, 170, 5, 2, 127),
(825, 308, 1, 1, 173),
(826, 55, 4, 1, 117),
(827, 287, 6, 1, 192),
(828, 146, 6, 4, 184),
(829, 172, 5, 4, 118),
(830, 108, 2, 3, 190),
(831, 250, 2, 1, 152),
(832, 54, 3, 3, 120),
(833, 38, 1, 1, 188),
(834, 149, 5, 3, 110),
(835, 153, 1, 2, 156),
(836, 118, 5, 2, 170),
(837, 242, 1, 1, 186),
(838, 128, 1, 2, 165),
(839, 195, 3, 2, 194),
(840, 333, 6, 1, 169),
(841, 205, 4, 1, 114),
(842, 145, 6, 1, 124),
(843, 200, 5, 2, 161),
(844, 60, 2, 1, 193),
(845, 63, 3, 1, 138),
(846, 199, 5, 2, 181),
(847, 27, 1, 4, 109),
(848, 142, 6, 2, 114),
(849, 249, 2, 1, 171),
(850, 276, 5, 1, 186),
(851, 33, 3, 4, 153),
(852, 311, 4, 1, 166),
(853, 173, 5, 3, 133),
(854, 381, 4, 2, 151),
(855, 356, 3, 1, 165),
(856, 193, 3, 2, 159),
(857, 326, 3, 1, 139),
(858, 229, 4, 2, 112),
(859, 198, 4, 1, 120),
(860, 166, 6, 2, 116),
(861, 358, 6, 2, 139),
(862, 261, 4, 2, 178),
(863, 259, 2, 2, 163),
(864, 320, 3, 2, 145),
(865, 354, 6, 2, 149),
(866, 272, 2, 3, 124),
(867, 136, 5, 3, 147),
(868, 144, 5, 1, 107),
(869, 178, 6, 2, 112),
(870, 22, 6, 4, 121),
(871, 208, 3, 2, 146),
(872, 90, 2, 2, 146),
(873, 140, 2, 2, 116),
(874, 273, 3, 1, 177),
(875, 363, 3, 3, 172),
(876, 149, 1, 1, 145),
(877, 244, 1, 2, 188),
(878, 55, 1, 3, 122),
(879, 225, 6, 1, 148),
(880, 47, 4, 1, 131),
(881, 274, 4, 2, 182),
(882, 169, 3, 1, 126),
(883, 69, 5, 3, 170),
(884, 16, 5, 1, 171),
(885, 189, 2, 2, 139),
(886, 296, 4, 2, 156),
(887, 341, 1, 1, 141),
(888, 144, 6, 3, 109),
(889, 210, 4, 1, 116),
(890, 161, 5, 2, 193),
(891, 6, 1, 1, 187),
(892, 286, 1, 2, 145),
(893, 380, 1, 1, 168),
(894, 310, 1, 1, 115),
(895, 356, 5, 2, 165),
(896, 289, 2, 1, 154),
(897, 103, 4, 3, 130),
(898, 290, 1, 3, 184),
(899, 337, 2, 3, 120),
(900, 187, 4, 1, 193),
(901, 140, 6, 1, 186),
(902, 2, 2, 1, 124),
(903, 76, 5, 1, 112),
(904, 319, 4, 1, 111),
(905, 182, 2, 3, 195),
(906, 141, 6, 1, 153),
(907, 126, 5, 2, 161),
(908, 65, 2, 1, 134),
(909, 171, 6, 4, 183),
(910, 288, 1, 3, 122),
(911, 273, 6, 2, 130),
(912, 290, 2, 2, 137),
(913, 284, 1, 4, 146),
(914, 32, 2, 3, 154),
(915, 148, 4, 1, 163),
(916, 361, 5, 2, 143),
(917, 237, 6, 1, 182),
(918, 284, 5, 2, 146),
(919, 293, 4, 3, 161),
(920, 368, 2, 2, 118),
(921, 52, 4, 2, 107),
(922, 22, 4, 5, 187),
(923, 330, 3, 1, 121),
(924, 221, 2, 2, 167),
(925, 313, 5, 2, 133),
(926, 279, 3, 1, 156),
(927, 364, 6, 2, 121),
(928, 189, 5, 1, 151),
(929, 237, 5, 3, 131),
(930, 88, 6, 2, 140),
(931, 300, 5, 3, 124),
(932, 238, 4, 2, 159),
(933, 119, 1, 2, 169),
(934, 139, 6, 2, 187),
(935, 175, 1, 2, 108),
(936, 309, 5, 2, 150),
(937, 164, 5, 3, 157),
(938, 156, 3, 1, 142),
(939, 15, 3, 2, 111),
(940, 276, 3, 3, 111),
(941, 201, 2, 1, 148),
(942, 184, 1, 1, 139),
(943, 283, 3, 1, 111),
(944, 258, 5, 1, 110),
(945, 30, 2, 3, 193),
(946, 199, 4, 3, 108),
(947, 357, 1, 2, 116),
(948, 185, 2, 1, 180),
(949, 43, 6, 1, 183),
(950, 203, 5, 1, 152),
(951, 21, 2, 2, 107),
(952, 121, 1, 1, 188),
(953, 95, 4, 1, 114),
(954, 165, 4, 2, 173),
(955, 301, 6, 5, 115),
(956, 281, 5, 1, 128),
(957, 383, 1, 3, 194),
(958, 268, 2, 1, 167),
(959, 278, 1, 2, 127),
(960, 211, 2, 1, 173),
(961, 305, 1, 3, 108),
(962, 301, 4, 2, 129),
(963, 362, 3, 2, 140),
(964, 378, 4, 1, 126),
(965, 361, 2, 1, 107),
(966, 6, 6, 3, 133),
(967, 198, 3, 3, 171),
(968, 206, 5, 2, 134),
(969, 380, 4, 3, 197),
(970, 359, 2, 1, 183),
(971, 123, 2, 1, 122),
(972, 92, 1, 2, 169),
(973, 20, 2, 1, 196),
(974, 67, 2, 2, 122),
(975, 9, 2, 1, 112),
(976, 198, 5, 2, 151),
(977, 294, 4, 1, 197),
(978, 336, 6, 1, 165),
(979, 90, 3, 1, 173),
(980, 96, 5, 4, 134),
(981, 331, 4, 1, 158),
(982, 177, 2, 1, 128),
(983, 213, 1, 1, 198),
(984, 13, 2, 1, 125),
(985, 26, 6, 2, 198),
(986, 179, 2, 2, 178),
(987, 363, 5, 2, 120),
(988, 348, 1, 2, 165),
(989, 381, 5, 1, 109),
(990, 207, 2, 1, 158),
(991, 180, 2, 1, 166),
(992, 312, 3, 3, 159),
(993, 343, 2, 3, 143),
(994, 325, 6, 2, 136),
(995, 58, 5, 2, 177),
(996, 139, 5, 1, 179),
(997, 185, 4, 3, 152),
(998, 224, 3, 1, 117),
(999, 303, 2, 1, 157),
(1000, 45, 4, 4, 160),
(1001, 377, 3, 3, 115),
(1002, 327, 6, 3, 107),
(1003, 252, 4, 1, 108),
(1004, 178, 2, 1, 143),
(1005, 21, 5, 3, 114),
(1006, 32, 3, 1, 163),
(1007, 369, 1, 3, 184),
(1008, 107, 2, 3, 176),
(1009, 114, 2, 2, 184),
(1010, 327, 3, 1, 170),
(1011, 314, 3, 2, 149),
(1012, 132, 5, 1, 135),
(1013, 204, 1, 1, 158),
(1014, 122, 3, 5, 187),
(1015, 42, 5, 1, 175),
(1016, 63, 2, 2, 182),
(1017, 94, 3, 1, 195),
(1018, 103, 6, 1, 169),
(1019, 30, 1, 2, 185),
(1020, 202, 1, 3, 114),
(1021, 135, 4, 2, 111),
(1022, 47, 1, 2, 151),
(1023, 209, 2, 2, 121),
(1024, 194, 5, 1, 166),
(1025, 115, 6, 2, 187),
(1026, 321, 4, 3, 117),
(1027, 10, 3, 1, 123),
(1028, 228, 6, 1, 125),
(1029, 78, 5, 3, 127),
(1030, 101, 1, 1, 128),
(1031, 298, 2, 2, 172),
(1032, 131, 3, 2, 176),
(1033, 167, 1, 3, 170),
(1034, 120, 3, 1, 167),
(1035, 198, 6, 4, 198),
(1036, 329, 2, 1, 163),
(1037, 175, 4, 3, 114),
(1038, 382, 6, 2, 120),
(1039, 154, 2, 2, 159),
(1040, 47, 3, 3, 147),
(1041, 26, 1, 1, 115),
(1042, 92, 4, 1, 177),
(1043, 265, 6, 1, 113),
(1044, 154, 4, 3, 192),
(1045, 272, 1, 1, 116),
(1046, 49, 3, 2, 147),
(1047, 176, 4, 2, 160),
(1048, 122, 6, 1, 190),
(1049, 133, 3, 2, 122),
(1050, 249, 6, 3, 121),
(1051, 152, 4, 1, 182),
(1052, 201, 4, 3, 119),
(1053, 234, 4, 3, 124),
(1054, 3, 1, 2, 184),
(1055, 334, 3, 4, 167),
(1056, 41, 1, 4, 107),
(1057, 221, 5, 1, 154),
(1058, 355, 6, 2, 111),
(1059, 146, 4, 3, 178),
(1060, 218, 1, 1, 151),
(1061, 256, 6, 2, 125),
(1062, 338, 5, 3, 186),
(1063, 15, 1, 1, 162),
(1064, 200, 2, 1, 170),
(1065, 316, 2, 3, 159),
(1066, 372, 5, 2, 120),
(1067, 240, 6, 2, 160),
(1068, 222, 2, 2, 108),
(1069, 209, 1, 4, 170),
(1070, 48, 1, 2, 190),
(1071, 310, 5, 2, 191),
(1072, 43, 2, 2, 170),
(1073, 41, 3, 2, 137),
(1074, 335, 1, 2, 166),
(1075, 310, 2, 3, 128),
(1076, 63, 1, 4, 193),
(1077, 202, 4, 1, 156),
(1078, 277, 2, 4, 126),
(1079, 182, 5, 2, 196),
(1080, 115, 2, 1, 147),
(1081, 76, 4, 2, 150),
(1082, 79, 2, 3, 188),
(1083, 180, 6, 2, 112),
(1084, 136, 3, 4, 182),
(1085, 271, 6, 2, 160),
(1086, 177, 5, 3, 168),
(1087, 166, 5, 1, 184),
(1088, 118, 3, 3, 149),
(1089, 306, 1, 2, 171),
(1090, 202, 6, 5, 112),
(1091, 158, 2, 1, 157),
(1092, 304, 3, 2, 186),
(1093, 135, 1, 3, 109),
(1094, 133, 2, 3, 178),
(1095, 99, 3, 3, 159),
(1096, 227, 6, 1, 162),
(1097, 368, 3, 1, 142),
(1098, 223, 6, 2, 162),
(1099, 256, 2, 1, 117),
(1100, 78, 3, 1, 147),
(1101, 77, 4, 3, 157),
(1102, 334, 6, 2, 130),
(1103, 76, 2, 5, 123),
(1104, 322, 3, 1, 118),
(1105, 23, 5, 1, 140),
(1106, 348, 3, 3, 162),
(1107, 143, 4, 1, 107),
(1108, 86, 4, 1, 160),
(1109, 380, 5, 2, 188),
(1110, 376, 4, 3, 132),
(1111, 11, 4, 2, 189),
(1112, 330, 5, 2, 140),
(1113, 33, 1, 2, 155),
(1114, 299, 5, 1, 164),
(1115, 51, 2, 1, 112),
(1116, 364, 3, 3, 184),
(1117, 382, 5, 3, 167),
(1118, 116, 5, 3, 154),
(1119, 41, 6, 1, 118),
(1120, 378, 5, 2, 113),
(1121, 337, 1, 4, 123),
(1122, 50, 1, 3, 170),
(1123, 339, 2, 3, 124),
(1124, 23, 6, 2, 118),
(1125, 344, 4, 1, 117),
(1126, 36, 4, 2, 178),
(1127, 358, 5, 1, 119),
(1128, 106, 4, 2, 137),
(1129, 343, 4, 2, 170),
(1130, 299, 3, 3, 173),
(1131, 346, 4, 2, 134),
(1132, 312, 1, 2, 115),
(1133, 116, 6, 1, 154),
(1134, 169, 6, 3, 130),
(1135, 320, 4, 1, 170),
(1136, 97, 4, 1, 162),
(1137, 101, 3, 3, 113),
(1138, 196, 6, 1, 191),
(1139, 174, 5, 2, 189),
(1140, 118, 2, 1, 164),
(1141, 337, 4, 5, 150),
(1142, 70, 3, 3, 150),
(1143, 70, 5, 1, 130),
(1144, 127, 4, 1, 153),
(1145, 225, 5, 3, 114),
(1146, 3, 3, 1, 117),
(1147, 174, 2, 3, 144),
(1148, 29, 6, 1, 180),
(1149, 300, 6, 1, 152),
(1150, 33, 6, 3, 120),
(1151, 263, 3, 1, 118),
(1152, 359, 6, 3, 118),
(1153, 373, 4, 1, 112),
(1154, 107, 6, 4, 191),
(1155, 117, 6, 1, 160),
(1156, 79, 5, 2, 182),
(1157, 247, 6, 4, 185),
(1158, 96, 2, 2, 187),
(1159, 286, 6, 1, 152),
(1160, 48, 3, 1, 162),
(1161, 83, 3, 3, 156),
(1162, 222, 1, 1, 172),
(1163, 246, 4, 1, 174),
(1164, 222, 5, 4, 146),
(1165, 183, 4, 2, 132),
(1166, 66, 2, 2, 125),
(1167, 122, 4, 3, 196),
(1168, 114, 6, 1, 146),
(1169, 313, 3, 1, 193),
(1170, 352, 6, 2, 156),
(1171, 253, 4, 1, 119),
(1172, 167, 3, 4, 195),
(1173, 86, 6, 4, 190),
(1174, 171, 3, 3, 150),
(1175, 293, 3, 2, 124),
(1176, 251, 4, 1, 178),
(1177, 374, 3, 3, 143),
(1178, 30, 4, 5, 156),
(1179, 171, 2, 2, 141),
(1180, 128, 2, 3, 165),
(1181, 250, 5, 2, 180),
(1182, 68, 4, 2, 189),
(1183, 232, 6, 3, 121),
(1184, 173, 2, 1, 189),
(1185, 168, 1, 3, 197),
(1186, 138, 2, 4, 171),
(1187, 163, 4, 1, 155),
(1188, 316, 1, 1, 151),
(1189, 161, 2, 3, 198),
(1190, 256, 1, 3, 151),
(1191, 359, 5, 4, 171),
(1192, 195, 5, 3, 109),
(1193, 247, 4, 2, 130),
(1194, 249, 5, 2, 150),
(1195, 217, 4, 1, 148),
(1196, 45, 1, 3, 191),
(1197, 46, 4, 2, 129),
(1198, 263, 2, 2, 198),
(1199, 5, 4, 3, 179),
(1200, 276, 2, 4, 124),
(1201, 57, 6, 1, 113),
(1202, 232, 1, 4, 129),
(1203, 32, 6, 2, 151),
(1204, 11, 3, 4, 156),
(1205, 378, 2, 4, 190),
(1206, 378, 6, 3, 112),
(1207, 360, 5, 2, 126),
(1208, 352, 2, 1, 166),
(1209, 190, 5, 2, 135),
(1210, 39, 4, 2, 107),
(1211, 26, 3, 3, 108),
(1212, 305, 4, 1, 122),
(1213, 350, 4, 1, 158),
(1214, 42, 2, 2, 129),
(1215, 361, 1, 3, 189),
(1216, 95, 3, 2, 110),
(1217, 83, 1, 1, 166),
(1218, 357, 2, 1, 107),
(1219, 343, 1, 1, 157),
(1220, 31, 4, 1, 186),
(1221, 168, 6, 1, 167),
(1222, 108, 6, 2, 107),
(1223, 277, 1, 3, 116),
(1224, 50, 6, 2, 174),
(1225, 93, 3, 2, 135),
(1226, 154, 5, 4, 159),
(1227, 132, 1, 2, 174),
(1228, 18, 3, 1, 152),
(1229, 34, 3, 1, 162),
(1230, 329, 6, 2, 191),
(1231, 192, 3, 1, 108),
(1232, 252, 2, 2, 122),
(1233, 267, 3, 1, 110),
(1234, 366, 4, 1, 176),
(1235, 28, 1, 2, 155),
(1236, 266, 3, 1, 120),
(1237, 151, 2, 2, 189),
(1238, 247, 3, 1, 182),
(1239, 170, 4, 1, 168),
(1240, 73, 4, 1, 116),
(1241, 225, 2, 2, 116),
(1242, 98, 2, 1, 190),
(1243, 89, 2, 2, 126),
(1244, 220, 4, 1, 173),
(1245, 68, 3, 1, 152),
(1246, 182, 6, 1, 167),
(1247, 301, 5, 1, 131),
(1248, 122, 1, 4, 140),
(1249, 308, 6, 2, 124),
(1250, 309, 4, 3, 164),
(1251, 201, 1, 2, 188),
(1252, 239, 3, 3, 132),
(1253, 185, 5, 2, 134),
(1254, 146, 1, 2, 134),
(1255, 5, 5, 2, 197),
(1256, 88, 4, 1, 158),
(1257, 268, 1, 2, 128),
(1258, 11, 5, 3, 196),
(1259, 194, 2, 2, 108),
(1260, 334, 5, 3, 147),
(1261, 54, 1, 2, 164),
(1262, 109, 6, 1, 132),
(1263, 318, 3, 1, 118),
(1264, 283, 2, 3, 108),
(1265, 177, 1, 2, 107);

-- --------------------------------------------------------

--
-- Tábla szerkezet ehhez a táblához `jelentkezo`
--

CREATE TABLE `jelentkezo` (
  `id` int(11) NOT NULL,
  `nev` varchar(100) NOT NULL,
  `nem` char(1) DEFAULT NULL CHECK (`nem` in ('f','l'))
) ENGINE=InnoDB DEFAULT CHARSET=utf8mb4;

--
-- A tábla adatainak kiíratása `jelentkezo`
--

INSERT INTO `jelentkezo` (`id`, `nev`, `nem`) VALUES
(1, 'Skvar Tamás', 'f'),
(2, 'Tatár István', 'f'),
(3, 'Siket Karen', 'l'),
(4, 'Albert Baknyúl Jenei', 'f'),
(5, 'Dombovári Petra', 'l'),
(6, 'Rém Elek', 'f'),
(7, 'Zatykó Patrik', 'f'),
(8, 'Sebő Tas', 'f'),
(9, 'Szendrődi Csaba', 'f'),
(10, 'Berger Péter', 'f'),
(11, 'Csonka Anna', 'l'),
(13, 'Kovács Ágnes', 'l'),
(14, 'Szőke Mátyás', 'f'),
(15, 'Kiss Zsófia', 'l'),
(16, 'Bakos Kata Judit', 'l'),
(17, 'Bodnár Anna Katalin', 'l'),
(18, 'Keszthelyi Zsolt', 'f'),
(19, 'Kiss Lajos', 'f'),
(20, 'Szabó Orsolya Virág', 'l'),
(21, 'Vég Kálmán', 'f'),
(22, 'Hirzer Zsolt', 'f'),
(23, 'Kincses Zoltán', 'f'),
(24, 'Zentay Réka', 'l'),
(25, 'Kovai Róbert', 'f'),
(26, 'Koch Róbert', 'f'),
(27, 'Szilágyi István', 'f'),
(28, 'Horváth Pál', 'f'),
(29, 'Duma Árpád', 'f'),
(30, 'Nemes Gerda', 'l'),
(31, 'Zsolnai Péter', 'f'),
(32, 'Illés Nóra', 'l'),
(33, 'Fődi Anna', 'l'),
(34, 'Szűcs Lóránt', 'f'),
(35, 'Borsos Anett', 'l'),
(36, 'Sarlós Róbert', 'f'),
(37, 'Hoffmann Bettina', 'l'),
(38, 'Farkas Ildikó', 'l'),
(39, 'Gál Brigitta', 'l'),
(40, 'Szabó Izabella Diána', 'l'),
(41, 'Dudás Krisztián', 'f'),
(42, 'Csordás Kálmán', 'f'),
(43, 'Tóth Alexandra', 'l'),
(45, 'Dorogi Nóra Gréta', 'l'),
(46, 'Nemes Petra', 'l'),
(47, 'Schulcz Imola', 'l'),
(48, 'Senkey Tamás', 'f'),
(49, 'Nyers Sándor', 'f'),
(50, 'Szekeres József', 'f'),
(51, 'Berényi Zsolt', 'f'),
(52, 'Bánfalvi Ramóna', 'l'),
(53, 'Rácz Lili', 'l'),
(54, 'Botos Noémi', 'l'),
(55, 'Kasznár Judit', 'l'),
(57, 'Kerekes Lili', 'l'),
(58, 'Kis Barbara Emma', 'l'),
(60, 'Nagy Eszter', 'l'),
(61, 'Benkő Kata Enikő', 'l'),
(62, 'Urbán Roland', 'f'),
(63, 'Samu Blanka', 'l'),
(64, 'Pálinkás Anna', 'l'),
(65, 'Falch Emil', 'f'),
(66, 'Teleki Kálmán', 'f'),
(67, 'Sima Dezső', 'f'),
(68, 'Rudas Ádám', 'f'),
(69, 'Forrai Laura', 'l'),
(70, 'Irinyi Katalin Ida', 'l'),
(71, 'Hódi Vivien', 'l'),
(72, 'Máté Oszkár', 'f'),
(73, 'Püski Kata', 'l'),
(74, 'Mészáros Anita Réka', 'l'),
(75, 'Kis Nóra Judit', 'l'),
(76, 'Nyári Judit', 'l'),
(77, 'Balog Orsolya', 'l'),
(78, 'Zombori Adrienn', 'l'),
(79, 'Tóti Albert', 'f'),
(81, 'Petres Zoltán', 'f'),
(83, 'Rovó Petra', 'l'),
(85, 'Fogó Róbert', 'f'),
(86, 'Juhász Imre', 'f'),
(88, 'Tanács Lilla', 'l'),
(89, 'Kiss Sándor', 'f'),
(90, 'Kovács Vivien', 'l'),
(91, 'Kun Anna', 'l'),
(92, 'Pályi Balázs', 'f'),
(93, 'Kristóf Petra', 'l'),
(94, 'Gábor Zita', 'l'),
(95, 'Lakatos Zita Ildikó', 'l'),
(96, 'Garadnai Zoltán', 'f'),
(97, 'Bognár Ágnes', 'l'),
(98, 'Dobi Brigitta Krisztina', 'l'),
(99, 'Dócz Károly', 'f'),
(100, 'Halász Norbert', 'f'),
(101, 'Szántó Lilla', 'l'),
(102, 'Dóka Csenge', 'l'),
(103, 'Szántó Mónika', 'l'),
(104, 'Vidács László', 'f'),
(105, 'Kardos Norbert', 'f'),
(106, 'Dancs Zsófia Edit', 'l'),
(107, 'Spák Tamás', 'f'),
(108, 'Varga Mátyás', 'f'),
(109, 'Bózsó Boglárka', 'l'),
(110, 'Márkus Anna', 'l'),
(111, 'Lengyel Anna', 'l'),
(112, 'Boldizsár Nóra Kata', 'l'),
(113, 'Kővágó Andrea Kata', 'l'),
(114, 'Nagy Lili Lujza', 'l'),
(115, 'Forgó Elza', 'l'),
(116, 'Vincze Adél', 'l'),
(117, 'Tóth Kálmán', 'f'),
(118, 'Balla Fanni', 'l'),
(119, 'Juhász Cintia', 'l'),
(120, 'Borisz Norbert', 'f'),
(121, 'Wollek Ottó', 'f'),
(122, 'Kárpáti Annamária', 'l'),
(123, 'Sebők Franciska', 'l'),
(124, 'Jónás Nikolett', 'l'),
(125, 'Kiss-Szabó Péter', 'f'),
(126, 'Kármán Luca', 'l'),
(127, 'Csontos Imre', 'f'),
(128, 'Kovács Lili', 'l'),
(129, 'Bodosi Béla', 'f'),
(130, 'Réti Beáta', 'l'),
(131, 'Bálint Laura', 'l'),
(132, 'Bodrogi Gergely', 'f'),
(133, 'Bata Ágnes', 'l'),
(134, 'Veres Annamária', 'l'),
(135, 'Sipos Lilla', 'l'),
(136, 'Oláh Sztella', 'l'),
(137, 'Gyömbér Ágnes', 'l'),
(138, 'Juhász Viktória', 'l'),
(139, 'Fodor Nikolett', 'l'),
(140, 'Kiss Orsolya', 'l'),
(141, 'Ördög Fanni Zsófia', 'l'),
(142, 'Kosztolányi András', 'f'),
(143, 'Sebők Flóra', 'l'),
(144, 'Kószó Petra', 'l'),
(145, 'Guttmann Gábor', 'f'),
(146, 'Mészáros Stella', 'l'),
(147, 'Hegedűs Réka', 'l'),
(148, 'Kurucz Rebeka Judit', 'l'),
(149, 'Béla Kitti', 'l'),
(150, 'Kovács Győző', 'f'),
(151, 'Molnár Gergely', 'f'),
(152, 'Szabó Viktória', 'l'),
(153, 'Sós Imre', 'f'),
(154, 'Kiss Rea', 'l'),
(155, 'Bíró Alexandra Éva', 'l'),
(156, 'Terjéki Zsuzsanna Emese', 'l'),
(157, 'Kipall Ede', 'f'),
(158, 'Lovai László', 'f'),
(159, 'Kuti Zoltán', 'f'),
(160, 'Moli Hugó', 'f'),
(161, 'Zombori Lili', 'l'),
(162, 'Tomma Árpád', 'f'),
(163, 'Nagy Tímea', 'l'),
(164, 'Hegyközi Tünde Dóra', 'l'),
(165, 'Kockás Tamás', 'f'),
(166, 'Borbás Ferenc', 'f'),
(167, 'Holzi Ervin', 'f'),
(168, 'Varga Éva', 'l'),
(169, 'Tóth Zita', 'l'),
(170, 'Sipos Réka', 'l'),
(171, 'Mezőlaki Gabriella', 'l'),
(172, 'Szednicsek Jenő', 'f'),
(173, 'Weiler Endre', 'f'),
(174, 'Maróti Gabriella Márta', 'l'),
(175, 'Molnár Balázs', 'f'),
(176, 'Szentei Igor', 'f'),
(177, 'Kovács István', 'f'),
(178, 'Farkas Betti', 'l'),
(179, 'Károly Gusztáv', 'f'),
(180, 'Jován Máté', 'f'),
(182, 'Fekete Zsolt', 'f'),
(183, 'Péter Tamás', 'f'),
(184, 'Schaff József', 'f'),
(185, 'Zádori Kata Mária', 'l'),
(186, 'Máté Georgina', 'l'),
(187, 'Varga Nikolett', 'l'),
(188, 'Rákos Pál', 'f'),
(189, 'Pászti Szimonetta', 'l'),
(190, 'Solti Pál', 'f'),
(191, 'Csonka Zita', 'l'),
(192, 'Takács Ágota', 'l'),
(193, 'Marsi Nóra', 'l'),
(194, 'Bányai Balázs', 'f'),
(195, 'Varga Petra', 'l'),
(196, 'Bencsik Áron', 'f'),
(197, 'Farkas Lilla', 'l'),
(198, 'Hajdú Kitti Ildikó', 'l'),
(199, 'Herédi Gabriella', 'l'),
(200, 'Bajnai Zsuzsanna', 'l'),
(201, 'Budai Tamás', 'f'),
(202, 'Keresztes Zsolt', 'f'),
(203, 'Kopasz Klaudia', 'l'),
(204, 'Kiss Stella', 'l'),
(205, 'Horváth Rita', 'l'),
(206, 'Erdélyi Dóra', 'l'),
(207, 'Mészáros Emília', 'l'),
(208, 'Pusztai Géza', 'f'),
(209, 'Mach Mózes', 'f'),
(210, 'Bertók Katalin', 'l'),
(211, 'Balog Tibor', 'f'),
(212, 'Nógrádi Alexandra', 'l'),
(213, 'Varga Stella Gréta', 'l'),
(214, 'Herceg Natália', 'l'),
(216, 'Benedek Anna', 'l'),
(217, 'Ladányi Renáta', 'l'),
(218, 'Makra Csenge Kata', 'l'),
(219, 'Bárány Noémi', 'l'),
(220, 'Török Éva', 'l'),
(221, 'Hódi Katalin', 'l'),
(222, 'Urbán Zsófia Katalin', 'l'),
(223, 'Ádám Éva', 'l'),
(224, 'Németh Rebeka Anna', 'l'),
(225, 'Bodor Flóra', 'l'),
(227, 'Kaltenbrunner Norbert', 'f'),
(228, 'Ébner Dezső', 'f'),
(229, 'Gyulai Zsófia', 'l'),
(230, 'Horváth Dorina', 'l'),
(231, 'Müller Péter', 'f'),
(232, 'Zombori Ákos', 'f'),
(233, 'Karlsen Ottó', 'f'),
(234, 'Nemes Elek', 'f'),
(235, 'Füst Szabolcs', 'f'),
(236, 'Nagy Gábor', 'f'),
(237, 'Vastag Luca', 'l'),
(238, 'Bozóki Patrícia', 'l'),
(239, 'Gyetvai Zsolt', 'f'),
(240, 'Csáki Kata', 'l'),
(241, 'Sebők Ildikó', 'l'),
(242, 'Sütő Péter', 'f'),
(243, 'Kalmár Gábor', 'f'),
(244, 'Vass Réka', 'l'),
(245, 'Váradi Nóra', 'l'),
(246, 'Fábián Nóra', 'l'),
(247, 'Nagy Eta', 'l'),
(248, 'Tárkány Csilla', 'l'),
(249, 'Varga Alexandra', 'l'),
(250, 'Varga Emese', 'l'),
(251, 'Végh Anna Lili', 'l'),
(252, 'Tan József', 'f'),
(253, 'Koródy Tamás', 'f'),
(254, 'Püspök Anna', 'l'),
(255, 'Nagy Anna Magdolna', 'l'),
(256, 'Szűcs Fanni Lívia', 'l'),
(257, 'Csanády Virág Sarolta', 'l'),
(258, 'Török Patrícia', 'l'),
(259, 'Molnár Dorottya', 'l'),
(260, 'Csizmadia Mónika', 'l'),
(261, 'Kereki Pál', 'f'),
(263, 'Török Réka Zsófia', 'l'),
(264, 'Erdélyi Réka', 'l'),
(265, 'Kozmann György', 'f'),
(266, 'Csom Olivér', 'f'),
(267, 'Fábián Eszter Aliz', 'l'),
(268, 'Kőszegi Bernadett', 'l'),
(269, 'Márton Katalin', 'l'),
(270, 'Bóna Borbála Éva', 'l'),
(271, 'Somi József', 'f'),
(272, 'Benkő Melinda', 'l'),
(273, 'Papp Brigitta', 'l'),
(274, 'Som Lajos', 'f'),
(275, 'Hámori Frigyes', 'f'),
(276, 'Németh Zoltán', 'f'),
(277, 'Leander Jácint', 'f'),
(278, 'Fehér Zoltán', 'f'),
(279, 'Bereczki Gerda', 'l'),
(280, 'Sebők Géza', 'f'),
(281, 'Molnár Réka Evelin', 'l'),
(282, 'Tiszai Dóra', 'l'),
(283, 'Tóth Lilla Brigitta', 'l'),
(284, 'Csapó Gábor', 'f'),
(285, 'Nyári Anna', 'l'),
(286, 'Takács Veronika', 'l'),
(287, 'Vajna Sára Réka', 'l'),
(288, 'Földesi Kata', 'l'),
(289, 'Lehóczki Bernadett', 'l'),
(290, 'Baranyi Noémi Lilla', 'l'),
(291, 'Horányi Lilla Krisztina', 'l'),
(292, 'Nyakas Dénes', 'f'),
(293, 'Ormos Zoltán', 'f'),
(294, 'Somogyi Orsolya', 'l'),
(296, 'Szilasi Eszter Dalma', 'l'),
(298, 'Lisztes Imre', 'f'),
(299, 'Esztergályos Gábor', 'f'),
(300, 'Török Ildikó', 'l'),
(301, 'Kovács Anikó', 'l'),
(302, 'Kovács Imre', 'f'),
(303, 'Sár Gábor', 'f'),
(304, 'Blum Ottó', 'f'),
(305, 'Tóth Zoltán', 'f'),
(306, 'Presszer Hugó', 'f'),
(307, 'Bitó Helga', 'l'),
(308, 'Bitó Réka Emese', 'l'),
(309, 'Dábity Ottó', 'f'),
(310, 'Nik Ferenc', 'f'),
(311, 'Berta Alexandra', 'l'),
(312, 'Kincses Blanka', 'l'),
(313, 'Alsó Emil', 'f'),
(314, 'Szántó Zsuzsanna', 'l'),
(315, 'Garai Nóra', 'l'),
(316, 'Gyurcsik Zsófia Kata', 'l'),
(317, 'Budavári Bence', 'f'),
(318, 'Magyari Ivana', 'l'),
(319, 'Kecskés László', 'f'),
(320, 'Nagy Orsolya', 'l'),
(321, 'Nagy Tibor', 'f'),
(322, 'Fazekas Tamás', 'f'),
(323, 'Deme Noémi', 'l'),
(324, 'Zombori Anna', 'l'),
(325, 'Kremp Gusztáv', 'f'),
(326, 'Molnár Anna', 'l'),
(327, 'Szósz György', 'f'),
(328, 'Bordás Gábor', 'f'),
(329, 'Tóth Tímea Kitti', 'l'),
(330, 'Takács Kata', 'l'),
(331, 'Szabó Kitti', 'l'),
(333, 'Dombi Ákos', 'f'),
(334, 'Pribai Zoltán', 'f'),
(335, 'Hrisztov Temir', 'f'),
(336, 'Solymosi Ödön', 'f'),
(337, 'Izsó Gusztáv', 'f'),
(338, 'Stofin József', 'f'),
(339, 'Lajos Lajos', 'f'),
(341, 'Kiss Blanka', 'l'),
(342, 'Bog Aladár', 'f'),
(343, 'Béres Réka Sarolt', 'l'),
(344, 'Császár Mónika Krisztina', 'l'),
(345, 'Szűcs Miklós', 'f'),
(346, 'Kószó Annamária', 'l'),
(348, 'Sági Anikó', 'l'),
(349, 'Gyulai Zsófia Julianna', 'l'),
(350, 'Kisó Ábel', 'f'),
(351, 'Kovács Zoltán', 'f'),
(352, 'Korsós Kálmán', 'f'),
(353, 'Bedő Anna', 'l'),
(354, 'Kelemen Enikő', 'l'),
(355, 'Pálfi Evelin', 'l'),
(356, 'Csíbor Tamás', 'f'),
(357, 'Zólyomi Kristóf', 'f'),
(358, 'Vlad Igor', 'f'),
(359, 'Papp Vanessza', 'l'),
(360, 'Nagy Réka', 'l'),
(361, 'Kertész Nándor', 'f'),
(362, 'Szűcs Melinda', 'l'),
(363, 'Farkas Noémi Eszter', 'l'),
(364, 'Erdélyi Eszter', 'l'),
(365, 'Várkonyi Rita', 'l'),
(366, 'Kautzky Alfonz', 'f'),
(367, 'Horváth Viola', 'l'),
(368, 'Seprenyi Johanna Ágnes', 'l'),
(369, 'Gyapjas Viktória', 'l'),
(370, 'Kertész Lili Barbara', 'l'),
(371, 'Nyilas Gábor', 'f'),
(372, 'Kiss Georgina', 'l'),
(373, 'Haraszti Zita Zsófia', 'l'),
(374, 'Késmárky Péter', 'f'),
(375, 'Szalma Sándor', 'f'),
(376, 'Kása Blanka', 'l'),
(377, 'Kovács Fanni', 'l'),
(378, 'Boldog Eszter', 'l'),
(379, 'Rómer Flórián', 'f'),
(380, 'Németh Edit', 'l'),
(381, 'Polgár István', 'f'),
(382, 'Molnár Mónika', 'l'),
(383, 'Szabó Boglárka Gyöngyi', 'l');

-- --------------------------------------------------------

--
-- Tábla szerkezet ehhez a táblához `kepzes`
--

CREATE TABLE `kepzes` (
  `id` int(11) NOT NULL,
  `nev` varchar(100) NOT NULL,
  `felveheto` int(11) NOT NULL,
  `minimum` int(11) NOT NULL
) ENGINE=InnoDB DEFAULT CHARSET=utf8mb4;

--
-- A tábla adatainak kiíratása `kepzes`
--

INSERT INTO `kepzes` (`id`, `nev`, `felveheto`, `minimum`) VALUES
(1, 'francia', 16, 140),
(2, 'angol', 30, 150),
(3, 'matematika', 16, 160),
(4, 'informatika', 16, 150),
(5, 'környezetvédelmi', 16, 130),
(6, 'közgazdasági', 30, 130);

-- --------------------------------------------------------

--
-- Tábla szerkezet ehhez a táblához `messages`
--

CREATE TABLE `messages` (
  `id` int(11) NOT NULL,
  `uzenet` varchar(500) NOT NULL,
  `ido` timestamp NOT NULL DEFAULT current_timestamp(),
  `kuldoid` int(11) NOT NULL
) ENGINE=InnoDB DEFAULT CHARSET=utf8mb4;

--
-- A tábla adatainak kiíratása `messages`
--

INSERT INTO `messages` (`id`, `uzenet`, `ido`, `kuldoid`) VALUES
(14, 'heyhoteszt', '2024-10-28 00:22:58', 1),
(15, 'Hello World', '2024-10-28 01:25:26', 0),
(16, 'Hello World', '2024-10-28 01:40:48', 0),
(17, 'Hello World', '2024-10-28 01:52:18', 0),
(18, 'Hello World', '2024-10-28 01:52:59', 0),
(19, 'MINDEN RENDBEN VAN ES JO A POSTMAN', '2024-10-28 01:57:08', 0);

-- --------------------------------------------------------

--
-- Tábla szerkezet ehhez a táblához `users`
--

CREATE TABLE `users` (
  `id` int(20) NOT NULL,
  `password` varchar(255) NOT NULL,
  `role` varchar(255) NOT NULL DEFAULT 'user',
  `name` varchar(255) NOT NULL,
  `username` varchar(255) DEFAULT NULL
) ENGINE=InnoDB DEFAULT CHARSET=utf8mb4;

--
-- A tábla adatainak kiíratása `users`
--

INSERT INTO `users` (`id`, `password`, `role`, `name`, `username`) VALUES
(1, '$2a$10$aT52a8XLJVxnJybeMAT3I.A6.u8L7jhtclch.uGRzZKP//ZhsxEY2', 'ROLE_ADMIN', 'asd', NULL),
(17, '$2a$10$ULMUqC0PMm35LjfakJoB/ubJNc3vbb.OMNHKktsWjA606atPHRtBq', 'ROLE_USER', 'www', NULL);

--
-- Indexek a kiírt táblákhoz
--

--
-- A tábla indexei `jelentkezes`
--
ALTER TABLE `jelentkezes`
  ADD PRIMARY KEY (`id`),
  ADD KEY `jelentkezoid` (`jelentkezoid`),
  ADD KEY `kepzesid` (`kepzesid`);

--
-- A tábla indexei `jelentkezo`
--
ALTER TABLE `jelentkezo`
  ADD PRIMARY KEY (`id`),
  ADD UNIQUE KEY `nev` (`nev`);

--
-- A tábla indexei `kepzes`
--
ALTER TABLE `kepzes`
  ADD PRIMARY KEY (`id`),
  ADD UNIQUE KEY `nev` (`nev`);

--
-- A tábla indexei `messages`
--
ALTER TABLE `messages`
  ADD PRIMARY KEY (`id`);

--
-- A tábla indexei `users`
--
ALTER TABLE `users`
  ADD PRIMARY KEY (`id`),
  ADD UNIQUE KEY `UKr43af9ap4edm43mmtq01oddj6` (`name`);

--
-- A kiírt táblák AUTO_INCREMENT értéke
--

--
-- AUTO_INCREMENT a táblához `jelentkezes`
--
ALTER TABLE `jelentkezes`
  MODIFY `id` int(11) NOT NULL AUTO_INCREMENT, AUTO_INCREMENT=1266;

--
-- AUTO_INCREMENT a táblához `jelentkezo`
--
ALTER TABLE `jelentkezo`
  MODIFY `id` int(11) NOT NULL AUTO_INCREMENT, AUTO_INCREMENT=384;

--
-- AUTO_INCREMENT a táblához `kepzes`
--
ALTER TABLE `kepzes`
  MODIFY `id` int(11) NOT NULL AUTO_INCREMENT, AUTO_INCREMENT=7;

--
-- AUTO_INCREMENT a táblához `messages`
--
ALTER TABLE `messages`
  MODIFY `id` int(11) NOT NULL AUTO_INCREMENT, AUTO_INCREMENT=20;

--
-- AUTO_INCREMENT a táblához `users`
--
ALTER TABLE `users`
  MODIFY `id` int(20) NOT NULL AUTO_INCREMENT, AUTO_INCREMENT=22;

--
-- Megkötések a kiírt táblákhoz
--

--
-- Megkötések a táblához `jelentkezes`
--
ALTER TABLE `jelentkezes`
  ADD CONSTRAINT `jelentkezes_ibfk_1` FOREIGN KEY (`jelentkezoid`) REFERENCES `jelentkezo` (`id`) ON DELETE CASCADE,
  ADD CONSTRAINT `jelentkezes_ibfk_2` FOREIGN KEY (`kepzesid`) REFERENCES `kepzes` (`id`) ON DELETE CASCADE;
COMMIT;

/*!40101 SET CHARACTER_SET_CLIENT=@OLD_CHARACTER_SET_CLIENT */;
/*!40101 SET CHARACTER_SET_RESULTS=@OLD_CHARACTER_SET_RESULTS */;
/*!40101 SET COLLATION_CONNECTION=@OLD_COLLATION_CONNECTION */;
